,State,Year,Population,GDP,Incidents,Temperature,Marriage_Rate,Education_Rate,Log_Population,Log_GDP,Is_Covid
0,Alabama,2006,4628981,187270.8,1,64.2,9.2,26.9,15.347847315446764,12.140310976652302,0
1,Alaska,2006,675302,49190.2,6,26.4,8.2,21.1,13.422915277205224,10.803449695648165,0
2,Arizona,2006,6029141,274179.4,149,61.1,6.5,18.2,15.612115104161084,12.521537915644073,0
3,Arkansas,2006,2821761,108460.6,113,62.0,12.4,25.5,14.852871716100342,11.594142252373112,0
4,California,2006,36021202,2002437.4,1297,58.6,6.3,29.0,17.39961826750511,14.509875696512173,0
5,Colorado,2006,4720423,257430.2,138,46.5,7.2,34.3,15.367408972190296,12.458503894379202,0
6,Connecticut,2006,3517460,248233.8,131,51.1,5.5,33.7,15.073249696193159,12.42212632298052,0
7,Delaware,2006,859268,60624.3,48,57.3,5.9,27.0,13.663836142994263,11.012451081781371,0
8,Florida,2006,18166990,839963.8,216,71.4,8.6,25.3,16.715116768972116,13.641114074652775,0
9,Georgia,2006,9155813,453032.1,13,64.5,7.3,26.6,16.02989953608019,13.023718262881806,0
10,Idaho,2006,1468669,57613.7,23,44.2,10.1,24.0,14.199867106417678,10.961515665625038,0
11,Illinois,2006,12643955,704827.6,156,54.0,6.2,23.3,16.352689793310997,13.465708512882776,0
12,Indiana,2006,6332669,296112.7,39,53.4,7.0,28.9,15.661232348223924,12.598495404085124,0
13,Iowa,2006,2982644,146555.3,28,50.4,6.7,21.7,14.908320713431603,11.89515811061645,0
14,Kansas,2006,2762931,130364.5,109,56.9,6.8,28.6,14.831802630738135,11.77808965214705,0
15,Kentucky,2006,4219239,175657.7,64,56.8,8.4,20.0,15.255165337996914,12.076292493909355,0
16,Louisiana,2006,4302665,245500.2,22,67.8,7.17112758258429,20.3,15.274745156129127,12.411053040880331,0
17,Maine,2006,1323619,55448.4,59,44.0,7.8,37.0,14.095880209716531,10.923208137538039,0
18,Maryland,2006,5627367,305794.1,212,56.5,6.6,35.1,15.543152217543268,12.63066727863499,0
19,Massachusetts,2006,6410084,395535.8,379,50.1,5.9,25.8,15.673382933335171,12.887996580424534,0
20,Michigan,2006,10036081,449853.5,653,47.0,5.9,24.5,16.12169725738048,13.016677253186232,0
21,Minnesota,2006,5163555,284382.0,137,44.4,6.0,30.4,15.457135853726612,12.558073683769013,0
22,Missouri,2006,5842704,267221.1,78,56.8,6.9,18.8,15.580704261345273,12.495831684592762,0
23,Montana,2006,952692,38577.6,24,44.4,7.4,27.4,13.767046940472671,10.560427076126564,0
24,Nebraska,2006,1772693,91832.7,56,51.1,6.8,24.8,14.38801041721538,11.427723722331491,0
25,Nevada,2006,2522658,142967.1,125,50.8,52.1,25.6,14.74082366552187,11.870369812841828,0
26,Ohio,2006,11481213,545504.1,300,52.7,6.3,23.0,16.256222605294763,13.209465600267347,0
27,Oklahoma,2006,3594090,152857.7,51,62.2,7.3,22.1,15.09480138774833,11.937262702235946,0
28,Oregon,2006,3670883,166107.2,141,48.0,7.3,27.5,15.115942790546386,12.020388642043011,0
29,Pennsylvania,2006,12510809,597219.2,97,50.8,5.7,25.4,16.34210354861758,13.30003949416386,0
30,Tennessee,2006,6088766,274879.2,202,58.9,10.6,21.7,15.621955991896604,12.524087007412907,0
31,Texas,2006,23359580,1228547.3,245,67.1,7.6,24.7,16.966517736310614,14.021342972440682,0
32,Utah,2006,2525507,118482.3,35,49.2,9.2,28.6,14.741952392614774,11.68251886131234,0
33,Vermont,2006,622892,27128.8,21,45.1,8.6,32.7,13.342128428006768,10.208351173196668,0
34,Virginia,2006,7673725,419870.6,341,56.6,7.8,32.4,15.85331271385895,12.947701847550368,0
35,Washington,2006,6370753,353263.5,177,47.5,6.5,30.5,15.667228230923119,12.77496951637705,0
36,Wisconsin,2006,5577655,268246.4,84,46.0,6.0,16.5,15.534278995131281,12.499661240086024,0
37,Wyoming,2006,522667,37813.4,5,43.2,9.3,22.7,13.16669982897928,10.540418816142836,0
38,Alabama,2007,4672840,189002.5,6,64.4,8.9,26.0,15.357277581849651,12.149515521467524,0
39,Alaska,2007,680300,51721.0,8,28.1,8.5,21.4,13.430289156333153,10.853619167579001,0
40,Arizona,2007,6167681,283250.7,161,61.6,6.4,19.3,15.63483347434051,12.554087650202291,0
41,Arkansas,2007,2848650,107606.1,33,61.8,12.0,25.3,14.862355755810501,11.586232616552735,0
42,California,2007,36250311,2041192.2,1400,58.9,6.2,29.5,17.4059585185385,14.529044606883053,0
43,Colorado,2007,4803868,266887.5,156,46.2,7.1,35.0,15.384931984702094,12.494582500275635,0
44,Connecticut,2007,3527270,257953.0,127,49.5,5.5,34.7,15.076034758598956,12.46053267676605,0
45,Delaware,2007,871749,60477.9,49,56.3,5.7,26.1,13.678256817419374,11.010033288028362,0
46,Florida,2007,18367842,850048.6,166,71.8,8.5,25.8,16.726111976148058,13.653048803302575,0
47,Georgia,2007,9349988,455904.0,13,64.8,6.8,27.1,16.050885617841587,13.030037540016957,0
48,Idaho,2007,1505105,58670.9,38,44.8,10.0,24.3,14.22437322117334,10.979699141839747,0
49,Illinois,2007,12695866,712619.8,167,53.7,6.1,24.5,16.356786986627327,13.476703317341816,0
50,Indiana,2007,6379599,304085.7,40,53.3,7.0,29.5,15.668615800681085,12.625064848554532,0
51,Iowa,2007,2999212,152861.8,27,48.9,6.6,22.1,14.913860145462786,11.937289524208376,0
52,Kansas,2007,2783785,137093.6,110,55.1,6.8,28.8,14.839322070442794,11.828419183206243,0
53,Kentucky,2007,4256672,174407.3,48,57.7,7.8,20.0,15.263998192276398,12.069148647379167,0
54,Louisiana,2007,4375581,230367.7,31,67.4,7.5,20.4,15.291549868956713,12.347432007003977,0
55,Maine,2007,1327040,55359.9,72,40.7,7.4,37.9,14.098461456040154,10.921610783931538,0
56,Maryland,2007,5653408,306755.8,150,55.7,6.5,35.2,15.547769107119873,12.633807270299867,0
57,Massachusetts,2007,6431559,406421.2,353,48.3,5.9,26.7,15.676727524057524,12.915145339240174,0
58,Michigan,2007,10001284,446943.2,628,46.1,5.7,24.7,16.118224042715745,13.010186796170482,0
59,Minnesota,2007,5207203,286299.2,157,42.4,5.8,31.0,15.465553417365513,12.56479269681056,0
60,Missouri,2007,5887612,267691.2,114,56.2,6.9,18.9,15.588361040480434,12.497589356349526,0
61,Montana,2007,964706,40438.3,21,44.0,7.5,27.0,13.779578670689423,10.607532634664256,0
62,Nebraska,2007,1783440,93910.8,44,50.0,6.8,25.6,14.39405464149946,11.450100674556966,0
63,Nevada,2007,2601072,144107.1,63,51.5,48.6,25.7,14.771434225708559,11.878312052113168,0
64,Ohio,2007,11500468,546729.3,312,52.3,6.1,24.1,16.257898288157605,13.211709077739998,0
65,Oklahoma,2007,3634349,156219.5,30,60.0,7.3,22.8,15.10594056075128,11.959017348544648,0
66,Oregon,2007,3722417,168975.1,170,47.8,7.2,28.3,15.129883746448204,12.0375066457719,0
67,Pennsylvania,2007,12563937,617309.9,83,49.5,5.7,25.8,16.346341125301453,13.33312644583641,0
68,Tennessee,2007,6175727,273224.0,239,59.9,10.1,21.8,15.636137166341875,12.518047250550987,0
69,Texas,2007,23831983,1286192.7,242,64.8,7.4,25.2,16.986539060048383,14.067197017033143,0
70,Utah,2007,2597746,123835.3,55,49.9,9.6,28.7,14.770154703919655,11.726707735906968,0
71,Vermont,2007,623481,26886.7,21,42.2,8.5,33.6,13.343073570502387,10.199387019530363,0
72,Virginia,2007,7751000,424939.5,323,56.8,7.5,33.6,15.863332425263648,12.959702084832236,0
73,Washington,2007,6461587,373180.6,195,46.8,6.4,30.3,15.681385511222599,12.829817763753152,0
74,Wisconsin,2007,5610775,269933.6,69,44.7,5.7,17.3,15.540199414125134,12.505931281809847,0
75,Wyoming,2007,534876,40632.2,21,43.3,9.0,23.4,13.18979022331307,10.612316134697751,0
76,Alabama,2008,4718206,186946.7,11,62.9,8.6,27.3,15.36693920056546,12.138578828470916,0
77,Alaska,2008,687455,51252.1,8,25.1,8.4,22.0,13.440751651835166,10.844511871770933,0
78,Arizona,2008,6280362,280810.1,185,60.6,6.0,18.8,15.652938180095171,12.545433919147905,0
79,Arkansas,2008,2874554,106536.5,91,59.9,10.6,25.1,14.871408089744834,11.576242928420198,0
80,California,2008,36604337,2061638.8,1381,58.9,6.7,29.6,17.415677288619108,14.539011758476914,0
81,Colorado,2008,4889730,270981.4,149,44.9,7.4,35.6,15.40264764520274,12.509805462820024,0
82,Connecticut,2008,3545579,257756.0,164,49.7,5.4,35.6,15.081212033243572,12.459768679978783,0
83,Delaware,2008,883874,58655.7,58,56.3,5.5,27.5,13.692069797524201,10.979440036060067,0
84,Florida,2008,18527305,816070.2,153,70.8,8.0,25.8,16.73475614785684,13.612255659657691,0
85,Georgia,2008,9504843,445764.6,9,63.5,6.0,27.5,16.067312016145944,13.007546288974748,0
86,Idaho,2008,1534320,60309.5,30,42.5,9.5,24.3,14.243597844108718,11.007244915911578,0
87,Illinois,2008,12747038,706616.5,120,50.9,5.9,24.0,16.360809488854205,13.468243364894098,0
88,Indiana,2008,6424806,300962.6,61,51.0,8.0,29.9,15.675676993737163,12.614741283519338,0
89,Iowa,2008,3016734,149881.4,33,45.9,6.5,22.9,14.919685347200891,11.917599593669976,0
90,Kansas,2008,2808076,139536.8,113,53.6,6.7,29.6,14.848010109288639,11.8460836447378,0
91,Kentucky,2008,4289878,173810.1,64,55.4,7.9,19.7,15.271768852271387,12.065718602898249,0
92,Louisiana,2008,4435586,232150.7,67,66.6,6.8,20.3,15.305170295775218,12.35514200873536,0
93,Maine,2008,1330509,54653.9,63,41.6,7.4,38.1,14.101072133751298,10.908775854278945,0
94,Maryland,2008,5684965,314757.6,100,55.3,5.9,35.2,15.553335528595492,12.659558097762817,0
95,Massachusetts,2008,6468967,414919.9,333,48.6,5.7,25.4,15.682526993760986,12.93584076853542,0
96,Michigan,2008,9946889,420974.0,560,44.0,5.6,24.7,16.112770396928827,12.950326353037717,0
97,Minnesota,2008,5247018,288420.6,164,39.4,5.4,31.5,15.473170473194697,12.572175110413461,0
98,Mississippi,2008,2947806,101777.6,4,63.3,5.1,25.0,14.896571722798965,11.530545319593632,0
99,Missouri,2008,5923916,273436.2,99,53.4,6.8,19.4,15.594508274660923,12.518823601237054,0
100,Montana,2008,976415,40471.1,24,41.4,7.6,27.1,13.791642979939269,10.60834341812815,0
101,Nebraska,2008,1796378,93840.5,11,47.7,6.9,26.1,14.401282973405074,11.449351811531406,0
102,Nevada,2008,2653630,139954.2,94,50.4,42.3,26.9,14.791439071947517,11.849070505211401,0
103,Ohio,2008,11515391,537124.1,345,50.6,6.0,24.1,16.259195046370383,13.193984445488272,0
104,Oklahoma,2008,3668976,162387.0,51,59.6,7.1,22.2,15.11542316202412,11.997737654244517,0
105,Oregon,2008,3768748,173598.5,187,46.8,6.9,28.1,15.142253408777558,12.064500440618062,0
106,Pennsylvania,2008,12612285,629807.9,68,48.8,5.5,26.3,16.350181896917935,13.353170131235046,0
107,Tennessee,2008,6247411,274571.1,255,57.6,9.4,22.9,15.647677695891494,12.52296552278621,0
108,Texas,2008,24309039,1282088.7,246,65.5,7.3,25.3,17.006358814453755,14.06400110283687,0
109,Utah,2008,2663029,124225.5,40,48.1,9.0,29.1,14.794974754710488,11.729853741417141,0
110,Vermont,2008,624151,27758.4,20,43.0,7.9,33.7,13.344147605256877,10.231293776072064,0
111,Virginia,2008,7833496,431216.7,263,55.7,7.2,32.1,15.873919456188116,12.974366026954986,0
112,Washington,2008,6562231,381289.9,239,45.8,6.3,30.7,15.696841194565692,12.851315257165433,0
113,Wisconsin,2008,5640996,266626.9,92,41.8,5.6,17.1,15.545571203627729,12.493605581861717,0
114,Wyoming,2008,546043,42868.2,6,40.7,8.6,23.6,13.210453006204817,10.665885571306749,0
115,Alabama,2009,4757938,180707.2,9,62.9,8.3,26.6,15.375324939074979,12.104633320833566,0
116,Alaska,2009,698895,56215.1,9,26.8,7.8,22.0,13.45725579534033,10.936940683066917,0
117,Arizona,2009,6343154,257498.5,219,61.1,5.6,18.9,15.662886679053772,12.458769173826242,0
118,Arkansas,2009,2896843,102996.6,74,59.9,10.7,25.6,14.879132081289153,11.542451256958202,0
119,California,2009,36961229,1995439.7,1015,58.8,5.8,29.9,17.425380056349418,14.506374985023875,0
120,Colorado,2009,4972195,264966.3,208,45.2,6.9,35.9,15.419371950473597,12.487357927070272,0
121,Connecticut,2009,3561807,244894.7,199,48.8,5.9,35.6,15.085778558320555,12.408583601219759,0
122,Delaware,2009,891730,61517.7,37,55.4,5.4,28.7,13.700918675159146,11.027080217264778,0
123,Florida,2009,18652644,769061.1,130,71.2,7.5,25.3,16.74149846344276,13.552925699167643,0
124,Georgia,2009,9620846,428740.7,11,63.4,6.6,27.5,16.07944276056318,12.968607586264936,0
125,Idaho,2009,1554439,57327.9,35,42.8,8.9,25.1,14.256625266797524,10.956542695194901,0
126,Illinois,2009,12796778,688161.0,129,51.4,5.7,23.9,16.364703978453363,13.441778101166937,0
127,Indiana,2009,6459325,279520.7,55,51.3,7.9,30.6,15.681035381135326,12.540831629657822,0
128,Iowa,2009,3032870,146182.8,18,46.7,7.0,22.5,14.925019923899171,11.892613172318034,0
129,Kansas,2009,2832704,134227.0,122,53.6,6.4,29.5,14.856742290473598,11.807287675533644,0
130,Kentucky,2009,4317074,166704.2,150,55.4,7.6,21.0,15.278088415924172,12.023976263382506,0
131,Louisiana,2009,4491648,236411.0,13,66.8,7.1,21.4,15.317730230238434,12.373327094734409,0
132,Maine,2009,1329590,53630.1,50,40.9,7.1,38.2,14.100381181996072,10.889865756603239,0
133,Maryland,2009,5730388,311342.2,102,54.6,5.8,35.7,15.561293800185533,12.64864790779472,0
134,Massachusetts,2009,6517613,407219.6,322,47.7,5.6,26.9,15.69001876257582,12.91710787665535,0
135,Michigan,2009,9901591,383140.1,314,43.8,5.4,24.6,16.108206009263526,12.856155997620258,0
136,Minnesota,2009,5281203,277494.1,153,40.1,5.3,31.5,15.479664470639737,12.53355495068134,0
137,Mississippi,2009,2958774,98000.6,2,63.6,4.8,25.2,14.900285551311018,11.492728880082947,0
138,Missouri,2009,5961088,266834.9,124,54.0,6.5,19.6,15.600763572716819,12.494385394063979,0
139,Montana,2009,983982,39513.4,28,41.1,7.3,27.4,13.79936288318415,10.584395133866492,0
140,Nebraska,2009,1812683,93977.6,78,47.6,6.6,26.5,14.410318626131534,11.45081173498235,0
141,Nevada,2009,2684665,128241.3,48,50.4,40.3,25.8,14.803066510915698,11.761668924474723,0
142,Ohio,2009,11528896,511076.5,297,50.5,5.8,24.1,16.26036713744407,13.144274564438874,0
143,Oklahoma,2009,3717572,160091.6,59,59.4,6.9,22.7,15.128581324983633,11.98350143040036,0
144,Oregon,2009,3808600,165527.2,130,47.3,6.6,29.2,15.152772225506853,12.016890810748372,0
145,Pennsylvania,2009,12666858,610147.9,46,48.4,5.3,26.4,16.354499534171623,13.32145666577745,0
146,Tennessee,2009,6306019,264737.1,169,57.6,8.4,23.0,15.657015132086093,12.486492537064077,0
147,Texas,2009,24801761,1277295.4,165,65.8,7.1,25.5,17.026425216678774,14.060255431677794,0
148,Utah,2009,2723421,121431.4,48,48.4,8.4,28.5,14.817399368592431,11.707104773257528,0
149,Vermont,2009,624817,27222.0,24,42.3,8.7,34.0,13.34521408584425,10.21178074889202,0
150,Virginia,2009,7925937,427648.9,150,55.2,6.9,33.1,15.885651104177082,12.96605781080873,0
151,Washington,2009,6667426,370136.6,208,46.4,6.0,31.0,15.712744436364042,12.821627405676036,0
152,Wisconsin,2009,5669264,258761.2,54,42.4,5.3,17.3,15.550569861281934,12.463660907649102,0
153,Wyoming,2009,559851,41546.4,8,40.9,8.0,23.8,13.235425955879478,10.63456615393063,0
154,Alabama,2010,4779736,184702.4,19,62.7,8.2,27.9,15.379895872816876,12.126501160147306,0
155,Alaska,2010,710231,54601.5,7,27.4,8.0,21.9,13.473345548214652,10.907816633883106,0
156,Arizona,2010,6392017,260307.1,236,60.4,5.9,19.5,15.670560425999179,12.469617366830414,0
157,Arkansas,2010,2915918,105662.0,63,61.2,10.8,25.9,14.885695251001986,11.568000599178193,0
158,California,2010,37253956,2036015.0,1092,57.7,5.8,30.1,17.433268698493162,14.526505024012446,0
159,Colorado,2010,5029196,267858.9,154,46.2,6.9,36.4,15.43077068834572,12.498215628309818,0
160,Connecticut,2010,3574097,244354.7,147,51.4,5.6,35.5,15.089223114792084,12.406376137217634,0
161,Delaware,2010,897934,60577.2,20,56.7,5.2,27.8,13.707851847924083,11.01167386363851,0
162,Florida,2010,18801310,775039.5,136,69.2,7.3,25.8,16.749437106223645,13.560669274778608,0
163,Georgia,2010,9687653,433727.2,17,63.0,7.3,27.3,16.086362746067408,12.980171044020128,0
164,Idaho,2010,1567582,58281.8,28,43.3,8.8,24.9,14.265044862720638,10.973045145213117,0
165,Illinois,2010,12830632,698179.6,94,52.9,5.7,24.4,16.36734599492654,13.456231655237104,0
166,Indiana,2010,6483802,297517.3,94,52.6,6.3,30.8,15.684817624665712,12.603227653537607,0
167,Iowa,2010,3046355,150148.4,17,48.2,6.9,22.7,14.92945635193647,11.919379417344045,0
168,Kansas,2010,2853118,135723.2,58,55.3,6.4,29.8,14.863922989312297,11.818372796574824,0
169,Kentucky,2010,4339367,173780.1,173,56.0,7.4,20.5,15.28323904290451,12.065545985833243,0
170,Louisiana,2010,4533372,246836.2,13,66.5,6.9,21.4,15.32697659141356,12.416480237728917,0
171,Maine,2010,1328361,54305.0,61,44.6,7.1,39.0,14.099456409426836,10.902371582714137,0
172,Maryland,2010,5773552,325369.7,80,55.8,5.7,36.1,15.568798047001886,12.692717353266774,0
173,Massachusetts,2010,6547629,425792.7,316,50.4,5.6,26.8,15.694613557346322,12.961707887095399,0
174,Michigan,2010,9883640,404216.9,304,47.1,5.5,25.2,16.10639142292631,12.909706894062264,0
175,Minnesota,2010,5303925,287140.1,127,42.8,5.3,31.8,15.483957670476368,12.567725528943797,0
176,Mississippi,2010,2967297,98601.1,11,63.5,4.9,25.6,14.903161995375411,11.49883769671511,0
177,Missouri,2010,5988927,270732.9,142,55.2,6.5,19.5,15.605422822159122,12.508888004973956,0
178,Montana,2010,989415,40793.7,31,41.6,7.4,28.8,13.80486913836428,10.616282936704824,0
179,Nebraska,2010,1826341,97466.1,61,49.3,6.6,26.5,14.417825069689954,11.487259904219261,0
180,Nevada,2010,2700551,129828.4,68,50.0,38.3,27.6,14.80896638422835,11.773968857470303,0
181,Ohio,2010,11536504,523979.4,247,51.7,5.8,24.6,16.261026826872904,13.169207649553305,0
182,Oklahoma,2010,3751351,160564.2,49,60.3,7.2,22.9,15.137626599732807,11.986449141573535,0
183,Oregon,2010,3831074,169234.0,134,47.1,6.5,28.8,15.158655739601688,12.039037651593869,0
184,Pennsylvania,2010,12702379,627726.3,57,50.1,5.3,27.1,16.357299856720733,13.34985952242422,0
185,Tennessee,2010,6346105,268449.8,147,57.9,8.8,23.1,15.663351796844054,12.500419210832744,0
186,Texas,2010,25145561,1309962.4,174,65.1,7.1,25.9,17.040191937937852,14.08550899247534,0
187,Utah,2010,2763885,123902.2,63,48.3,8.5,29.3,14.832147856636546,11.727247823714638,0
188,Vermont,2010,625741,28403.7,17,44.9,9.3,34.2,13.346691826449877,10.254274697353516,0
189,Virginia,2010,8001024,441242.4,175,55.9,6.8,33.6,15.89508009145281,12.997349663285279,0
190,Washington,2010,6724540,380989.5,232,47.1,6.0,31.1,15.7212740796257,12.850527094673962,0
191,Wisconsin,2010,5686986,266830.8,93,45.5,5.3,17.5,15.553690964531027,12.49437002863952,0
192,Wyoming,2010,563626,40056.6,2,42.0,7.6,24.1,13.24214618995113,10.598048732926955,0
193,Alabama,2011,4799642,187605.8,83,63.8,8.4,26.4,15.384051889763311,12.142098231920695,0
194,Alaska,2011,722349,55280.3,8,27.0,7.8,22.3,13.490263680586112,10.920171885344336,0
195,Arizona,2011,6473416,266101.5,192,60.3,5.7,20.3,15.683214502417659,12.491633093928472,0
196,Arkansas,2011,2941038,107932.5,11,61.8,10.4,26.6,14.894273138227906,11.589261310712438,0
197,California,2011,37636311,2063827.5,1040,57.4,5.8,30.3,17.443479860439517,14.540072826509562,0
198,Colorado,2011,5121900,271700.6,186,45.4,7.0,36.7,15.449036021927435,12.512456003729998,0
199,Connecticut,2011,3588632,238542.4,140,50.9,5.5,36.2,15.093281629347402,12.382302351287715,0
200,Delaware,2011,907590,62919.3,15,57.4,5.2,28.8,13.71854801375749,11.04960823187193,0
201,Florida,2011,19055607,772021.3,125,71.7,7.4,25.8,16.76287194693886,13.556767419299872,0
202,Georgia,2011,9803630,441626.7,17,64.6,6.6,27.6,16.098263283219897,12.998220234073793,0
203,Idaho,2011,1584272,58226.2,33,42.4,8.6,25.8,14.27563555378652,10.9720907042439,0
204,Illinois,2011,12867783,711283.4,69,53.1,5.6,25.2,16.370237303661405,13.474826222898319,0
205,Indiana,2011,6517250,299064.5,100,53.1,6.8,31.0,15.689963065787891,12.608414548172357,0
206,Iowa,2011,3066772,152435.2,15,48.4,6.7,23.0,14.936136100587373,11.934494866693568,0
207,Kansas,2011,2869677,139579.4,67,55.2,6.3,30.1,14.869710037848296,11.846388893951788,0
208,Kentucky,2011,4370817,175745.3,154,56.9,7.5,21.1,15.29046050611932,12.076791066783318,0
209,Louisiana,2011,4576244,234975.7,5,67.7,6.4,21.1,15.336389132298542,12.367237383524389,0
210,Maine,2011,1328473,53789.0,55,42.8,7.2,39.1,14.09954072030216,10.89282426427834,0
211,Maryland,2011,5840241,332437.2,49,56.5,5.8,36.9,15.580282621076233,12.714206249058998,0
212,Massachusetts,2011,6614218,434494.5,367,49.7,5.5,28.4,15.70473213236775,12.98193856537962,0
213,Michigan,2011,9883053,414834.4,346,45.6,5.7,25.6,16.106332030088048,12.935634683432149,0
214,Minnesota,2011,5346620,293783.2,148,42.0,5.6,32.4,15.49197514351689,12.590597359330678,0
215,Mississippi,2011,2979147,98515.8,1,64.4,4.9,26.1,14.9071475758959,11.497972220387869,0
216,Missouri,2011,6011182,268533.8,117,55.6,6.6,19.8,15.609131959386925,12.500732069552024,0
217,Montana,2011,997518,41875.7,23,41.6,7.8,28.2,13.813025472696127,10.64246098540556,0
218,Nebraska,2011,1840914,102587.4,36,48.8,6.6,26.9,14.425772745381563,11.538470397159863,0
219,Nevada,2011,2713114,130697.9,59,49.6,36.9,26.3,14.813607610662423,11.78064383215347,0
220,Ohio,2011,11545735,541180.2,228,52.3,5.9,24.7,16.26182666266805,13.201507589243656,0
221,Oklahoma,2011,3788824,166327.2,29,61.6,6.9,23.8,15.147566238671166,12.021712211638198,0
222,Oregon,2011,3872672,173831.7,128,46.3,6.6,29.3,15.16945526603891,12.065842868737558,0
223,Pennsylvania,2011,12747052,637114.0,53,50.4,5.3,27.0,16.360810587147967,13.364703882435423,0
224,Tennessee,2011,6400298,276898.3,144,58.9,9.0,23.6,15.6718551097459,12.531405569739702,0
225,Texas,2011,25645504,1353600.4,152,67.3,7.1,26.4,17.05987883156618,14.118278563342326,0
226,Utah,2011,2814797,127992.5,68,47.6,8.6,29.7,14.85040070327888,11.759726947435073,0
227,Vermont,2011,627197,29013.5,7,44.3,8.3,35.1,13.34901596484363,10.275516517890454,0
228,Virginia,2011,8102437,444288.0,144,57.0,6.8,35.4,15.907675438589642,13.004228279781403,0
229,Washington,2011,6827479,387745.2,213,45.5,6.1,31.9,15.736466056528855,12.868103701851911,0
230,Wisconsin,2011,5705840,272813.2,76,44.1,5.3,18.5,15.55700076970348,12.5165425908776,0
231,Wyoming,2011,567491,39767.9,2,41.1,7.8,24.7,13.248980169181102,10.590815333186756,0
232,Alabama,2012,4816632,189245.5,6,64.9,8.2,28.0,15.38758548659687,12.150800392945659,0
233,Alaska,2012,730810,58283.6,6,24.3,7.2,23.3,13.501908787026743,10.973076029163245,0
234,Arizona,2012,6556344,271440.0,176,62.1,5.6,21.0,15.695943688488216,12.511496399458112,0
235,Arkansas,2012,2952876,108492.1,30,63.6,10.9,27.3,14.89829016864901,11.59443263825189,0
236,California,2012,37944551,2113096.4,910,59.5,6.0,30.9,17.451636467834078,14.563664917895435,0
237,Colorado,2012,5193660,276823.1,189,48.3,6.8,37.5,15.4629492089159,12.531133953000806,0
238,Connecticut,2012,3595211,240911.9,149,52.5,5.2,37.1,15.09511324004359,12.39218658547341,0
239,Delaware,2012,915518,62354.6,10,58.5,5.8,29.5,13.72724530429064,11.040592725451745,0
240,Florida,2012,19302016,778545.0,144,71.9,7.2,26.8,16.775720104378518,13.565182072053842,0
241,Georgia,2012,9903580,447764.7,21,65.5,6.5,28.2,16.10840686589907,13.01202315020481,0
242,Idaho,2012,1595910,58323.9,35,45.1,8.2,26.3,14.282954664424416,10.973767236874663,0
243,Illinois,2012,12883029,726399.1,84,55.8,5.8,25.5,16.371421421799614,13.495854867281668,0
244,Indiana,2012,6538989,300513.9,37,55.1,6.7,31.6,15.693293124327592,12.613249288127212,0
245,Iowa,2012,3076844,158538.4,8,52.1,6.8,23.4,14.939414954286423,11.973752114249898,0
246,Kansas,2012,2886024,141818.2,81,58.2,6.3,30.4,14.875390334289692,11.862301234632469,0
247,Kentucky,2012,4387865,178143.7,194,58.4,7.2,21.8,15.294353334179279,12.09034580695092,0
248,Louisiana,2012,4602067,235384.7,4,68.7,5.7,22.0,15.342016108358909,12.368976475944086,0
249,Maine,2012,1328094,53679.7,52,43.9,7.3,39.3,14.09925538964604,10.890790182956325,0
250,Maryland,2012,5888375,332523.5,35,57.5,5.6,36.9,15.588490626221496,12.714465813272296,0
251,Massachusetts,2012,6664269,442916.9,157,51.3,5.5,28.0,15.712270828160584,13.001137446780959,0
252,Michigan,2012,9898289,422691.2,617,48.4,5.6,26.0,16.10787247188546,12.95439716779074,0
253,Minnesota,2012,5377500,298328.3,72,45.2,5.6,33.2,15.497734140124022,12.605949836938178,0
254,Mississippi,2012,2984599,100448.4,18,65.7,5.8,26.4,14.908975957426176,11.517399441793675,0
255,Missouri,2012,6026027,271535.1,104,58.5,6.5,20.7,15.611598479246481,12.511846691767916,0
256,Montana,2012,1004168,42340.9,36,44.5,7.8,29.4,13.819669895912886,10.65350880095798,0
257,Nebraska,2012,1853691,102725.9,9,52.7,6.7,27.4,14.43268934455084,11.53981955496901,0
258,Nevada,2012,2744670,129312.9,91,52.4,35.1,27.9,14.8251714071197,11.769990327764893,0
259,Ohio,2012,11550971,545740.1,257,54.0,5.8,25.2,16.262280060662523,13.209898134073583,0
260,Oklahoma,2012,3819320,174874.4,21,63.2,6.9,23.8,15.155582954265808,12.071823280939737,0
261,Oregon,2012,3900102,174611.0,52,48.0,6.6,29.9,15.176513264604022,12.070315921548625,0
262,Pennsylvania,2012,12769123,647925.9,38,51.8,5.5,27.8,16.36254054906463,13.381531616943889,0
263,Tennessee,2012,6455752,286341.5,316,60.3,8.8,24.3,15.680482074315528,12.564940433428221,0
264,Texas,2012,26084120,1421180.1,52,67.8,7.3,26.7,17.07683725800604,14.166998140779357,0
265,Utah,2012,2854146,129512.5,102,50.9,8.4,30.7,14.86428323198238,11.771532680560007,0
266,Vermont,2012,626361,29241.3,12,45.8,8.2,35.5,13.347682161184064,10.283337372519737,0
267,Virginia,2012,8187456,445973.6,134,57.6,6.8,35.8,15.918113784865403,13.008015036425125,0
268,Washington,2012,6898599,400530.6,272,47.1,6.3,31.7,15.746828905473109,12.900545447066259,0
269,Wisconsin,2012,5720825,277107.1,68,47.4,5.4,18.6,15.559623583724955,12.532159353041765,0
270,Wyoming,2012,576656,38855.4,2,44.8,7.6,24.7,13.265001180524951,10.567602342275721,0
271,Alabama,2013,4831586,191369.8,6,62.6,7.8,28.0,15.390685336118203,12.161962960807678,0
272,Alaska,2013,737626,55354.3,8,27.8,7.3,23.5,13.511192200060973,10.92150962256281,0
273,Arizona,2013,6634690,273481.9,155,60.4,5.4,20.6,15.707822502727778,12.518990719495186,0
274,Arkansas,2013,2960459,110752.4,27,59.6,9.8,27.4,14.900854881846078,11.615052358101476,0
275,California,2013,38253768,2179229.0,843,59.3,6.5,31.0,17.45975262318897,14.594481702484615,0
276,Colorado,2013,5270774,286259.1,128,45.1,6.5,37.8,15.477687778803547,12.564652623738295,0
277,Connecticut,2013,3595792,236050.6,145,49.8,5.0,37.2,15.095274830854013,12.37180146780556,0
278,Delaware,2013,924062,60235.8,12,55.8,6.6,29.8,13.736534447939846,11.006022138927607,0
279,Florida,2013,19551678,794842.1,76,71.7,7.0,27.2,16.788571671914408,13.585898757557429,0
280,Georgia,2013,9975592,454908.9,57,63.4,5.641677366639442,28.3,16.115651867350085,13.027852458106212,0
281,Idaho,2013,1612053,60631.2,32,43.7,8.2,26.4,14.293019079920137,11.012564891052001,0
282,Illinois,2013,12895778,726125.0,105,51.1,5.4,26.2,16.372410528940176,13.495477455294834,0
283,Indiana,2013,6570575,307279.1,75,51.2,6.6,32.1,15.698111905657102,12.635511734090738,0
284,Iowa,2013,3093935,158480.8,10,46.7,7.4,23.8,14.944954301491107,11.97338872931527,0
285,Kansas,2013,2894306,141723.4,64,53.7,6.0,31.1,14.878255916589438,11.861632549659737,0
286,Kentucky,2013,4406906,181505.9,171,55.0,7.3,22.6,15.298683413893897,12.109043439045758,0
287,Louisiana,2013,4626040,228452.8,22,66.2,6.4,22.5,15.347211768515214,12.33908490342758,0
288,Maine,2013,1328543,53239.1,25,42.0,8.3,40.3,14.09959341098977,10.882548367783144,0
289,Maryland,2013,5925197,334268.9,51,54.7,6.8,37.4,15.594724493377882,12.719701037868226,0
290,Massachusetts,2013,6715158,444874.0,350,48.8,5.5,28.2,15.719877917074427,13.005546374987546,0
291,Michigan,2013,9914802,428737.6,329,44.1,5.8,26.9,16.10953934999382,12.968600355761259,0
292,Minnesota,2013,5414722,305486.4,144,39.3,6.0,33.5,15.504632098225843,12.629660539417925,0
293,Mississippi,2013,2989839,100331.2,4,63.1,6.7,27.0,14.910730097763267,11.516231992378382,0
294,Missouri,2013,6042989,274599.3,102,53.6,6.4,20.4,15.614409315054102,12.523068223150341,0
295,Montana,2013,1014158,42968.2,31,42.4,7.4,29.0,13.829569269535252,10.668215586201162,0
296,Nebraska,2013,1865813,104680.0,36,48.5,6.3,28.4,14.43920744100536,11.558663356644082,0
297,Nevada,2013,2776956,129720.9,73,50.5,32.3,27.1,14.83686592172697,11.773140498417538,0
298,Ohio,2013,11579692,556210.5,370,50.9,5.7,26.1,16.264763432173364,13.228902098705214,0
299,Oklahoma,2013,3853891,177698.9,41,58.8,7.1,23.8,15.164593845252398,12.087845823915368,0
300,Oregon,2013,3924110,175933.8,66,47.6,6.3,30.7,15.18265013189426,12.077863066899626,0
301,Pennsylvania,2013,12779538,655929.2,64,49.0,5.4,28.7,16.363355856025485,13.393808135272439,0
302,Tennessee,2013,6496943,289794.6,196,57.1,8.4,24.8,15.686842316544206,12.57692767515474,0
303,Texas,2013,26479646,1484700.1,132,65.1,7.0,27.5,17.09188692036366,14.21072335696176,0
304,Utah,2013,2898773,133112.9,74,47.8,7.5,31.3,14.879798101974908,11.798952919296118,0
305,Vermont,2013,626603,28681.5,12,43.2,9.2,36.1,13.348068445232144,10.264007594601123,0
306,Virginia,2013,8255861,449063.8,119,55.1,6.7,35.7,15.92643393032144,13.014920250171263,0
307,Washington,2013,6966252,410873.9,291,47.2,7.1,32.7,15.756587904964352,12.926041633749673,0
308,Wisconsin,2013,5738012,278015.0,50,41.8,5.2,18.9,15.562623366842278,12.535430348051689,0
309,Wyoming,2013,582620,38849.6,1,41.7,7.5,26.6,13.275290451788829,10.567453059732493,0
310,Alabama,2014,4843737,189886.3,9,62.0,7.8,28.0,15.393197088209225,12.154180750964649,0
311,Alaska,2014,737075,54188.2,6,30.3,7.5,23.5,13.510444929901613,10.900218451547879,0
312,Arizona,2014,6732873,276948.9,265,62.2,5.8,21.4,15.722512505029606,12.531588291617291,0
313,Arkansas,2014,2968759,111734.5,8,58.7,10.1,27.6,14.90365457833944,11.62388080039489,0
314,California,2014,38586706,2256054.7,759,61.4,6.4,31.7,17.468418370969253,14.629128137760047,0
315,Colorado,2014,5352637,298655.3,96,46.1,7.1,38.3,15.493099894634529,12.607045344529018,0
316,Connecticut,2014,3595697,235780.9,123,48.7,5.4,38.0,15.09524841073434,12.370658262956486,0
317,Delaware,2014,933131,64940.1,13,54.7,6.0,30.6,13.746300877261618,11.08122058553862,0
318,Florida,2014,19853880,817233.5,65,70.6,7.3,27.3,16.803910011991448,13.613680134722197,0
319,Georgia,2014,10071204,470009.7,41,63.0,5.498459203922039,29.1,16.125190820606242,13.060508611771146,0
320,Idaho,2014,1632248,62454.0,25,45.1,8.4,27.7,14.305468763745633,11.042185564743523,0
321,Illinois,2014,12885092,741194.0,109,49.5,6.2,25.0,16.37158154212848,13.516017678379466,0
322,Indiana,2014,6596019,316783.1,50,49.4,7.1,32.8,15.701976843191135,12.665972591539866,0
323,Iowa,2014,3110643,166619.2,11,45.5,6.9,24.7,14.950340015196659,12.023466248172998,0
324,Kansas,2014,2901861,145344.1,73,53.7,6.1,31.5,14.880862813277746,11.886859313487891,0
325,Kentucky,2014,4416992,181471.8,163,54.3,6.9,22.2,15.300969479392961,12.108855548714752,0
326,Louisiana,2014,4645938,235355.1,9,65.1,6.9,22.9,15.351503847410706,12.368850716447911,0
327,Maine,2014,1331217,54037.9,28,41.2,7.7,41.2,14.101604119400232,10.897440931215435,0
328,Maryland,2014,5960064,339604.6,16,53.6,6.5,38.2,15.600591777238911,12.735537278675059,0
329,Massachusetts,2014,6764864,451568.9,375,47.7,5.6,29.4,15.727252715911186,13.020483242632933,0
330,Michigan,2014,9932033,434313.2,311,41.9,5.8,27.4,16.11127574819831,12.98152121179808,0
331,Minnesota,2014,5452665,314091.3,98,38.6,5.9,34.3,15.511615037948062,12.657438986957844,0
332,Mississippi,2014,2991892,100283.6,1,62.3,6.9,27.5,14.911416521168334,11.51575745110931,0
333,Missouri,2014,6059130,276080.7,76,52.9,6.7,21.1,15.617076783382712,12.528448493265628,0
334,Montana,2014,1022657,43829.1,30,41.9,7.9,29.3,13.837914700344506,10.688053259321128,0
335,Nebraska,2014,1879955,107936.8,47,48.0,6.4,28.7,14.446758398349445,11.589301149633494,0
336,Nevada,2014,2818935,130897.4,24,53.0,31.9,27.4,14.851869712008492,11.782169089210278,0
337,Ohio,2014,11606573,574177.9,403,49.2,5.8,26.6,16.267082133528973,13.260694557596814,0
338,Oklahoma,2014,3879187,189360.0,33,58.9,7.1,24.2,15.17113615356123,12.151405244187865,0
339,Oregon,2014,3965447,181220.6,26,49.6,6.8,30.8,15.193129143140695,12.107470352663409,0
340,Pennsylvania,2014,12792392,669643.1,50,47.4,5.8,29.0,16.364361177179,13.414500162872091,0
341,Tennessee,2014,6544617,294130.1,194,56.6,8.4,25.3,15.69415343766126,12.591777465445846,0
342,Texas,2014,26963092,1529617.1,145,64.8,6.9,27.8,17.109979525859465,14.240528000610091,0
343,Utah,2014,2938327,136993.7,50,50.4,7.3,31.1,14.893350929726772,11.82769021835144,0
344,Vermont,2014,625693,28912.2,15,42.0,8.7,36.7,13.346615114453842,10.272018930350972,0
345,Virginia,2014,8315430,447678.1,118,54.4,6.7,34.9,15.933623383042349,13.011829726347317,0
346,Washington,2014,7057531,424467.6,308,48.4,7.0,33.1,15.769605831590393,12.958590956732293,0
347,Wisconsin,2014,5753199,283981.1,51,40.2,5.7,19.2,15.565266605895545,12.556662965633066,0
348,Alabama,2015,4854803,191335.2,10,64.6,7.4,29.7,15.395479082159278,12.161782142683565,0
349,Alaska,2015,738430,54740.8,8,30.0,7.4,24.2,13.512281589731169,10.910364597029348,0
350,Arizona,2015,6832810,282577.0,276,61.8,5.9,21.8,15.737246567141865,12.55170635880085,0
351,Arkansas,2015,2979732,112351.0,5,61.4,10.0,27.7,14.907343921551476,11.629383178330428,0
352,California,2015,38904296,2357452.9,837,60.8,6.2,32.3,17.476615239508952,14.673092314499078,0
353,Colorado,2015,5454328,312409.7,107,47.4,6.8,39.2,15.51191997992664,12.652070746401607,0
354,Connecticut,2015,3588561,242706.5,94,49.8,5.3,38.3,15.093261844453782,12.399608173391496,0
355,Delaware,2015,942065,66793.5,11,56.4,5.7,30.9,13.755829553301105,11.10936104940104,0
356,Florida,2015,20219111,852242.4,72,73.4,8.2,28.4,16.82213880422012,13.655626272389252,0
357,Georgia,2015,10183353,489182.3,44,65.3,6.2,29.9,16.136264886172132,13.100490500619737,0
358,Idaho,2015,1652495,63081.2,34,46.4,8.2,26.8,14.317796824984793,11.052178064358301,0
359,Illinois,2015,12859585,751754.9,90,52.9,5.9,26.0,16.369600005646507,13.530165618953909,0
360,Indiana,2015,6611442,313751.2,67,52.3,6.9,32.9,15.704312342347327,12.656355594122012,0
361,Iowa,2015,3122541,171126.5,6,49.3,6.3,24.9,14.954157651400068,12.050158328074613,0
362,Kansas,2015,2910717,148810.5,63,56.3,5.9,31.7,14.88391000055079,11.9104289634077,0
363,Kentucky,2015,4429126,182916.0,188,56.6,7.2,23.3,15.303712831360462,12.116782310049842,0
364,Louisiana,2015,4666998,233016.0,38,68.1,6.8,23.2,15.356026596391043,12.35886239971809,0
365,Maine,2015,1329098,54425.8,38,41.2,7.6,41.5,14.100011074630622,10.904593585121956,0
366,Maryland,2015,5988528,348151.8,43,55.4,6.2,38.8,15.605356196987055,12.760393870542593,0
367,Massachusetts,2015,6797484,468060.9,424,48.5,5.5,30.1,15.732063101679445,13.056353694638972,0
368,Michigan,2015,9934483,443831.2,309,45.1,6.0,27.8,16.1115223943654,13.003199588947375,0
369,Minnesota,2015,5484002,318913.2,109,43.5,5.6,34.7,15.517345684361576,12.672674244427496,0
370,Missouri,2015,6075411,279020.8,100,55.8,6.8,20.8,15.619760199223423,12.53904160999597,0
371,Montana,2015,1031495,45395.7,45,44.9,8.0,30.6,13.846519764171953,10.72317266588743,0
372,Nebraska,2015,1892059,111401.5,19,50.8,6.4,29.4,14.453176212040098,11.620896071375691,0
373,Nevada,2015,2868531,136347.4,58,52.9,31.0,29.1,14.869310610007675,11.822961319518402,0
374,Ohio,2015,11622315,578852.4,416,51.6,5.9,26.8,16.2684375150186,13.268802801777133,0
375,Oklahoma,2015,3910518,197071.9,37,60.8,7.4,24.6,15.179180404005153,12.19132391575238,0
376,Oregon,2015,4018542,189946.5,66,50.4,6.9,32.2,15.206429708241359,12.15449773254446,0
377,Pennsylvania,2015,12789838,682466.1,64,49.5,5.7,29.7,16.36416150732938,13.43346813447797,0
378,Tennessee,2015,6595354,304484.2,221,59.0,8.5,25.7,15.701876019721043,12.6263744764443,0
379,Texas,2015,27468531,1605901.7,191,65.8,7.2,28.4,17.128551580121698,14.289195963645447,0
380,Utah,2015,2983626,141720.5,47,50.7,8.1,31.8,14.908649897330042,11.861612087056729,0
381,Vermont,2015,625810,29119.0,8,42.6,8.1,37.0,13.346802089635428,10.279146161061627,0
382,Virginia,2015,8367303,455162.4,158,56.5,7.0,36.9,15.939842168318702,13.028409557328121,0
383,Washington,2015,7167287,441952.1,275,50.0,6.2,34.2,15.785037758823377,12.998956784146545,0
384,Wisconsin,2015,5762927,289077.0,43,44.8,5.6,19.6,15.566956063324868,12.574448367592964,0
385,Wyoming,2015,586389,40418.2,2,44.2,7.3,26.2,13.281738670852032,10.607035457556316,0
386,Alabama,2016,4866824,194283.8,14,65.3,7.1,29.6,15.397952126255015,12.177075255667205,0
387,Alaska,2016,742575,54246.6,11,31.9,7.1,24.7,13.517879154658825,10.901295596627623,0
388,Arizona,2016,6944767,291275.2,214,62.2,5.9,22.4,15.753498984291735,12.582023803724246,0
389,Arkansas,2016,2991815,112798.1,12,62.8,9.9,28.9,14.911390784614053,11.633354773932604,0
390,California,2016,39149186,2427894.6,933,60.1,6.5,32.9,17.482890188358624,14.702535020005108,0
391,Colorado,2016,5543844,318953.4,109,47.3,7.4,39.9,15.528198680927842,12.672800289591338,0
392,Connecticut,2016,3579830,243286.7,106,51.8,5.6,38.6,15.090825871215866,12.401995862254822,0
393,Delaware,2016,949989,63001.3,15,57.4,5.6,31.0,13.764205684562318,11.050910640081408,0
394,Florida,2016,20627237,881539.2,96,72.5,8.1,28.6,16.842122944909654,13.689424749485315,0
395,Georgia,2016,10308442,506816.2,39,65.8,6.8,30.5,16.148473729152137,13.135903692190539,0
396,Idaho,2016,1684036,65479.0,27,45.1,8.1,28.4,14.336703851228119,11.089484759529727,0
397,Illinois,2016,12821709,749333.5,111,54.7,5.8,27.6,16.366650307904457,13.526939423747514,0
398,Indiana,2016,6637898,319601.5,78,54.2,6.9,34.0,15.70830590506988,12.67483018622995,0
399,Iowa,2016,3133210,170389.1,17,50.7,6.1,25.6,14.957568596095303,12.045839924195217,0
400,Kansas,2016,2912977,153695.3,49,57.2,6.2,32.8,14.884686140270167,11.94272735000904,0
401,Kentucky,2016,4440306,184115.0,206,57.9,7.4,23.4,15.306233850952527,12.123315841359965,0
402,Louisiana,2016,4681346,228428.5,27,68.7,6.1,23.4,15.359096233380518,12.338978530065294,0
403,Maine,2016,1332348,55565.4,40,43.3,7.6,42.7,14.102453357220952,10.925315984370044,0
404,Maryland,2016,6007014,360082.0,37,56.5,6.3,39.3,15.608438344443867,12.79408706227265,0
405,Massachusetts,2016,6827280,475349.0,414,50.3,5.8,30.1,15.736436909181764,13.07180455007191,0
406,Michigan,2016,9954117,452325.2,399,47.4,5.9,28.3,16.113496792400273,13.02215666914715,0
407,Minnesota,2016,5525360,324030.3,122,44.6,5.6,34.8,15.524858961616417,12.6885923089204,0
408,Mississippi,2016,2990595,101255.3,7,65.9,7.0,28.5,14.910982922225179,11.525400329277812,0
409,Missouri,2016,6091384,279109.2,89,57.4,6.9,21.8,15.622385871666609,12.539358382076808,0
410,Montana,2016,1042137,44436.8,20,44.6,7.8,31.0,13.856783970580047,10.701823233960203,0
411,Nebraska,2016,1906483,112611.5,31,51.6,6.5,30.4,14.460770741376638,11.631699120911389,0
412,Nevada,2016,2919555,140081.2,42,51.9,28.4,29.6,14.886941765370548,11.84997753345645,0
413,Ohio,2016,11640060,583946.4,442,53.6,6.0,27.5,16.269963154893457,13.277564476776329,0
414,Oklahoma,2016,3928143,193025.1,33,62.3,6.7,25.2,15.183677353089152,12.17057551124449,0
415,Oregon,2016,4093271,198079.3,104,48.8,6.9,32.7,15.224854963886184,12.196422734546438,0
416,Pennsylvania,2016,12788468,688359.4,61,50.9,5.8,30.8,16.36405438530173,13.442066364241533,0
417,Tennessee,2016,6651277,310143.2,142,60.3,8.6,26.1,15.71031942427181,12.644789405285849,0
418,Texas,2016,27914064,1619954.2,178,67.2,7.1,28.9,17.144641205804422,14.29790843520398,0
419,Utah,2016,3044241,147962.3,66,50.2,9.0,32.6,14.928762166971683,11.904712790567395,0
420,Vermont,2016,624366,29408.1,25,44.6,8.3,38.1,13.344492013866653,10.289025425584887,0
421,Virginia,2016,8417651,459965.8,122,57.1,7.0,36.4,15.945841368674406,13.038907417875254,0
422,Washington,2016,7299961,458263.8,389,48.6,6.2,35.1,15.803379563638595,13.035200279814802,0
423,Wisconsin,2016,5775170,291920.3,34,46.2,5.6,20.8,15.569078251168301,12.584236098788617,0
424,Wyoming,2016,585243,38188.7,3,43.9,7.1,27.1,13.279782424581072,10.550294939315485,0
425,Alabama,2017,4877989,196974.9,9,65.0,7.0,28.8,15.40024360273291,12.19083158843512,0
426,Alaska,2017,740983,54278.7,4,29.3,6.9,25.5,13.515732962044742,10.90188716377254,0
427,Arizona,2017,7048088,303606.1,288,63.0,5.8,23.4,15.768266932331784,12.62348641652838,0
428,Arkansas,2017,3003855,113850.2,7,62.5,9.5,29.4,14.915407021726477,11.642638828187751,0
429,California,2017,39337785,2538204.0,1095,60.3,6.3,33.6,17.48769606532379,14.746967302276902,0
430,Colorado,2017,5617421,329913.3,108,47.9,7.3,41.2,15.541383219747361,12.70658517165108,0
431,Connecticut,2017,3575324,247035.9,112,50.9,5.6,38.7,15.089566359374281,12.417288949178234,0
432,Delaware,2017,957942,60357.5,29,57.6,5.5,31.5,13.772542512322714,11.008040493866309,0
433,Florida,2017,20977089,912687.4,145,72.8,7.8,29.7,16.858941400113977,13.724148713216294,0
434,Georgia,2017,10417031,523805.3,28,65.8,6.9,30.9,16.15895262086693,13.168875329370346,0
435,Idaho,2017,1719745,66941.0,53,44.3,7.8,28.9,14.357686581984703,11.111566913404856,0
436,Illinois,2017,12779893,753027.0,82,54.4,6.0,26.8,16.36338363442165,13.531856362712904,0
437,Indiana,2017,6662068,324997.6,55,54.0,6.9,34.4,15.711940504828672,12.691573076669224,0
438,Iowa,2017,3143734,170887.5,11,50.0,6.2,26.8,14.960921823354015,12.048760724240248,0
439,Kansas,2017,2910892,155514.7,75,56.5,6.0,33.7,14.883970121386817,11.954495539895449,0
440,Kentucky,2017,4455590,185920.6,379,57.8,7.2,24.0,15.309670045584014,12.133074979834968,0
441,Louisiana,2017,4673673,233351.7,26,68.7,5.6,23.8,15.357455830144433,12.36030203654534,0
442,Maine,2017,1335743,56469.4,32,42.4,7.6,43.4,14.104998249304696,10.941454177499757,0
443,Maryland,2017,6028186,366204.4,48,56.7,6.3,39.7,15.611956694257795,12.810946926442554,0
444,Massachusetts,2017,6863560,482808.4,441,49.6,5.7,32.1,15.741736815531176,13.087375166562861,0
445,Michigan,2017,9976752,457614.0,456,46.3,5.9,29.1,16.115768144415206,13.03378131298532,0
446,Minnesota,2017,5569283,327483.2,148,42.6,5.6,36.1,15.53277687830347,12.699192035031748,0
447,Mississippi,2017,2990674,101245.3,1,65.8,6.7,29.1,14.911009338024236,11.52530156413827,0
448,Missouri,2017,6111382,281253.3,105,57.1,6.6,21.9,15.625663492150828,12.547010965765265,0
449,Montana,2017,1053862,45974.3,15,43.2,8.0,32.3,13.86797206972012,10.735837823690487,0
450,Nebraska,2017,1916998,114143.9,45,50.7,6.3,31.3,14.46627097873042,11.645215212071887,0
451,Nevada,2017,2972097,145485.5,5,52.2,28.6,30.7,14.90477832224142,11.88783170427027,0
452,Ohio,2017,11665706,593636.0,380,53.2,5.8,28.0,16.272163984538075,13.294021615896629,0
453,Oklahoma,2017,3933602,194017.2,37,61.8,6.8,25.5,15.185066103519842,12.175702093909232,0
454,Oregon,2017,4147294,205524.0,146,48.0,6.7,33.7,15.237966631338232,12.233318094420369,0
455,Pennsylvania,2017,12794679,694866.6,78,50.6,5.7,31.4,16.36453993933635,13.451475163677577,0
456,Tennessee,2017,6714748,318963.9,136,60.0,8.2,27.3,15.719816859312724,12.672833209219009,0
457,Texas,2017,28291024,1659453.3,192,67.3,7.1,29.6,17.15805513915855,14.321998768739874,0
458,Utah,2017,3103540,154758.3,78,50.7,8.7,34.6,14.948053953426864,11.949619824003534,0
459,Vermont,2017,625132,29490.6,35,43.8,7.9,38.7,13.345718106418959,10.291826847482307,0
460,Virginia,2017,8471011,467362.0,193,57.3,6.8,38.3,15.952160421960832,13.054859396968796,0
461,Washington,2017,7427951,482007.0,513,46.8,6.2,35.5,15.820760604771694,13.085713915748858,0
462,Wisconsin,2017,5793147,291922.7,46,44.7,5.6,20.2,15.572186225209943,12.584244320176902,0
463,Wyoming,2017,579994,37521.6,4,43.2,7.1,27.6,13.270773037641508,10.532672046134175,0
464,Alaska,2018,736624,53327.0,7,30.4,6.7,25.5,13.509832864596445,10.884198048496515,0
465,Arizona,2018,7164228,314827.5,173,62.3,5.5,23.3,15.784610867451955,12.659780148762076,0
466,Arkansas,2018,3012161,115885.2,13,61.2,8.9,29.7,14.918168319328615,11.660355324884073,0
467,California,2018,39437463,2644061.2,1065,60.1,6.0,34.2,17.490226760071923,14.787826626433185,0
468,Colorado,2018,5697155,342733.2,123,47.2,7.6,41.7,15.55547748539451,12.744707580905985,0
469,Connecticut,2018,3574561,249074.8,81,50.8,5.3,39.6,15.089352929367253,12.425508531941741,0
470,Delaware,2018,966985,61425.1,16,57.1,5.2,31.3,13.78193826242267,11.025573825389683,0
471,Florida,2018,21254926,941626.7,141,72.3,7.3,30.4,16.87209923823521,13.755364190515985,0
472,Georgia,2018,10519389,538604.6,35,65.1,6.4,31.9,16.16873068373923,13.196736999984138,0
473,Idaho,2018,1752074,70857.3,23,44.5,7.8,29.0,14.376310787029421,11.168423274391227,0
474,Illinois,2018,12724685,771695.5,108,52.5,5.5,27.7,16.359054365674034,13.556345321147106,0
475,Indiana,2018,6698481,336327.1,111,52.6,6.6,35.1,15.717391342239232,12.725839477294706,0
476,Iowa,2018,3149900,173547.7,10,47.5,5.7,27.1,14.962881264266153,12.064207768537177,0
477,Kansas,2018,2912748,158734.4,69,54.6,5.4,33.8,14.884607523445611,11.974987644209815,0
478,Kentucky,2018,4464273,187926.6,240,57.0,6.8,24.8,15.311616937087315,12.14380674004428,0
479,Louisiana,2018,4664450,237298.3,45,67.8,5.1,24.3,15.355480486063186,12.377073278470675,0
480,Maine,2018,1340123,58099.9,20,41.8,7.4,44.5,14.10827195875933,10.969919221668125,0
481,Maryland,2018,6042153,367977.4,50,55.9,5.9,40.8,15.614270963348954,12.815776802221732,0
482,Massachusetts,2018,6885720,501541.5,373,49.5,6.3,31.5,15.74496025984069,13.125441634705156,0
483,Michigan,2018,9987286,466559.4,431,45.1,5.7,29.6,16.116823442043632,13.053140622353318,0
484,Minnesota,2018,5608762,336892.2,126,40.6,5.3,36.7,15.539840575784194,12.727518276855923,0
485,Mississippi,2018,2982879,100872.7,5,64.8,6.3,29.5,14.908399499482758,11.521614604816651,0
486,Missouri,2018,6125986,284540.3,64,55.2,6.5,23.2,15.628050281031078,12.558630174537912,0
487,Montana,2018,1061818,46584.1,7,41.3,7.7,31.7,13.875493091333093,10.74901456017445,0
488,Nebraska,2018,1925512,116792.9,34,48.3,6.0,31.9,14.470702464365175,11.668157559857386,0
489,Nevada,2018,3030725,150448.0,34,52.0,26.7,29.7,14.924312422791504,11.921372788516859,0
490,Ohio,2018,11680892,597925.5,350,52.2,5.6,29.0,16.27346490231134,13.301221443231995,0
491,Oklahoma,2018,3943488,197453.2,20,60.2,6.4,25.6,15.18757616883343,12.193256873218061,0
492,Oregon,2018,4183538,214902.5,120,48.4,6.3,34.0,15.246667857979991,12.277939715880757,0
493,Pennsylvania,2018,12809107,704027.8,67,49.8,5.5,31.8,16.365666960279828,13.464573122996887,0
494,Tennessee,2018,6778180,323541.6,174,59.1,8.0,27.5,15.72921918730286,12.687082978164156,0
495,Texas,2018,28624564,1728304.0,457,66.0,6.1,30.3,17.16977578828163,14.362651138798913,0
496,Utah,2018,3155153,164622.1,33,50.4,8.4,34.9,14.964547547234881,12.011407823096953,0
497,Vermont,2018,624802,29602.2,45,43.2,7.9,39.3,13.345190078526818,10.29560396187456,0
498,Virginia,2018,8510920,477915.2,143,56.6,6.4,38.7,15.956860602814405,13.077188589877572,0
499,Washington,2018,7526793,515029.1,507,48.0,6.0,36.7,15.833979612642096,13.151978682903904,0
500,Wisconsin,2018,5809319,299062.6,53,43.2,5.4,21.3,15.574973910254307,12.60840819500762,0
501,Alaska,2019,733603,53433.8,11,32.2,6.5,26.3,13.505723289338059,10.886198783515852,0
502,Arizona,2019,7291843,325395.3,217,60.3,5.3,23.3,15.802266884104585,12.692796029901238,0
503,Arkansas,2019,3020985,117126.2,9,61.2,8.4,30.2,14.921093495113185,11.671007264952486,0
504,California,2019,39437610,2729225.8,1017,58.4,5.7,35.0,17.49023048748527,14.819528537198376,0
505,Colorado,2019,5758486,358438.5,212,45.3,7.3,42.7,15.566185150899466,12.789512376188595,0
506,Connecticut,2019,3566022,251568.2,76,49.8,5.0,39.8,15.086961246763646,12.435469404723415,0
507,Delaware,2019,976668,64143.5,22,57.5,5.0,33.2,13.791902057511923,11.06887803989057,0
508,Florida,2019,21492056,965672.5,111,73.2,7.1,30.7,16.88319393644815,13.780580028796924,0
509,Georgia,2019,10628020,557364.4,102,66.2,6.0,32.5,16.179004467681676,13.230974524031963,0
510,Idaho,2019,1789060,74162.6,24,43.0,7.4,29.3,14.397200900218008,11.21401525895635,0
511,Illinois,2019,12667017,775998.1,66,52.1,5.2,28.7,16.354512086534815,13.56190535070875,0
512,Indiana,2019,6731010,337902.2,76,52.4,6.2,35.8,15.722235764655096,12.730511783483198,0
513,Iowa,2019,3159596,173722.0,10,46.8,5.4,26.9,14.965954729288564,12.065211599361671,0
514,Kansas,2019,2912635,159826.2,78,53.8,5.3,34.0,14.884568727713207,11.981842253818849,0
515,Kentucky,2019,4472345,192971.9,152,57.5,6.3,25.1,15.313423437531938,12.170299861431994,0
516,Louisiana,2019,4658285,237044.6,26,67.7,5.1,25.0,15.354157912612658,12.376003588066578,0
517,Maine,2019,1345770,59553.4,19,40.7,7.1,45.0,14.112476897914108,10.994628668031849,0
518,Maryland,2019,6054954,368056.4,19,56.6,5.6,40.9,15.616387337913222,12.815991466277387,0
519,Massachusetts,2019,6894883,514170.8,416,48.5,5.0,33.2,15.746290100247583,13.150310784959151,0
520,Michigan,2019,9984795,467107.0,434,43.9,5.2,30.0,16.1165739938251,13.054313632462259,0
521,Minnesota,2019,5640053,340557.1,104,39.3,5.1,37.3,15.545404020593208,12.738338085079356,0
522,Mississippi,2019,2978227,100982.8,14,65.2,6.0,30.2,14.906838714975866,11.522705484291508,0
523,Missouri,2019,6140475,290619.5,83,55.0,6.0,22.3,15.630412658694592,12.5797701304135,0
524,Montana,2019,1070123,46886.2,32,39.9,7.9,33.6,13.883284153102496,10.755478668066022,0
525,Nebraska,2019,1932571,118603.7,46,47.5,5.5,32.3,14.474361798742944,11.683542962360992,0
526,Nevada,2019,3090771,156959.1,44,49.9,25.9,30.4,14.943931132313454,11.963740540837797,0
527,Ohio,2019,11696507,613251.4,391,52.4,5.3,29.3,16.274800808185407,13.326530245037004,0
528,Oklahoma,2019,3960676,201161.5,28,59.9,6.3,26.2,15.191925275732576,12.211863347008945,0
529,Oregon,2019,4216116,219588.0,182,47.1,6.0,34.5,15.254424883056325,12.299508342315688,0
530,Pennsylvania,2019,12798883,715060.7,41,49.9,5.4,32.3,16.36486845945698,13.480122713177654,0
531,Tennessee,2019,6830325,331176.6,117,59.8,7.5,28.7,15.73688281460229,12.710407046823347,0
532,Texas,2019,28986794,1779781.4,459,65.9,4.9,30.8,17.18235090492376,14.392001105737862,0
533,Utah,2019,3203383,172038.4,18,47.9,8.1,34.8,14.979717996840792,12.055472986691672,0
534,Vermont,2019,624046,29940.7,33,41.9,7.7,39.6,13.343979362583248,10.306974037793829,0
535,Virginia,2019,8556642,489199.1,163,57.5,6.1,38.7,15.962218381432557,13.100524843055114,0
536,Washington,2019,7614024,533150.4,556,46.5,5.7,37.0,15.845502368007871,13.186558839703945,0
537,Wisconsin,2019,5824581,303669.0,74,42.1,5.0,21.1,15.577597623498384,12.623693571408351,0
538,Wyoming,2019,580116,38446.6,5,40.3,7.0,29.1,13.270983362525268,10.557025544495975,0
539,Alabama,2020,4921532,199880.8,28,64.9,7.2,31.9,15.409130422112963,12.205476467851572,1
540,Alaska,2020,731158,50705.2,9,27.5,5.7,27.8,13.502384857647401,10.833783748422501,1
541,Arizona,2020,7421401,327178.0,283,62.6,4.9,24.9,15.819878411336612,12.698259644286395,1
542,Arkansas,2020,3030522,117268.2,19,61.1,7.8,33.0,14.924245439875257,11.672218898143143,1
543,California,2020,39368078,2667220.9,1340,60.5,3.2,36.9,17.4884658428306,14.796547626880779,1
544,Colorado,2020,5807719,353345.2,283,47.3,6.7,44.2,15.574698452773644,12.775200761761841,1
545,Connecticut,2020,3557006,235234.9,102,51.8,4.3,42.4,15.084429737743902,12.36833986835248,1
546,Delaware,2020,986809,62281.8,13,58.0,4.4,34.7,13.802231783984885,11.039424527264392,1
547,Florida,2020,21733312,950164.4,109,73.2,5.7,33.7,16.894356756633197,13.764390301236423,1
548,Georgia,2020,10710017,537615.8,196,65.6,5.1,34.8,16.186690029724257,13.194899457640155,1
549,Idaho,2020,1826913,75145.5,43,44.3,7.3,29.5,14.418138215178702,11.227181513148706,1
550,Illinois,2020,12587530,734385.0,56,53.3,3.9,30.9,16.348217199322896,13.506788693243227,1
551,Indiana,2020,6754953,327277.9,189,53.3,5.8,37.6,15.7257865715432,12.698564936058617,1
552,Iowa,2020,3163561,170957.4,15,49.2,4.9,28.9,14.967208849823507,12.049169681641539,1
553,Kansas,2020,2913805,158348.3,124,55.6,4.9,35.1,14.88497034517283,11.972552316197127,1
554,Kentucky,2020,4477251,188396.3,176,57.1,4.9,27.4,15.31451979998035,12.146303001865734,1
555,Louisiana,2020,4645318,218421.7,40,68.2,3.4,27.2,15.35137038859719,12.29418287689147,1
556,Maine,2020,1350141,59881.4,84,43.5,5.8,46.9,14.115719589405115,11.000121218353774,1
557,Maryland,2020,6055802,352384.0,40,57.2,4.3,43.1,15.61652737871685,12.772476769062225,1
558,Massachusetts,2020,6893574,500001.0,323,50.9,4.0,33.5,15.74610023128633,13.122365377402328,1
559,Michigan,2020,9966555,448455.3,377,46.5,4.2,32.1,16.11474554561666,13.013564289962208,1
560,Minnesota,2020,5657342,328489.5,196,42.4,4.4,37.9,15.548464728570021,12.70226015292564,1
561,Mississippi,2020,2966786,100526.9,16,65.5,5.7,31.9,14.902989769944368,11.51818063235781,1
562,Missouri,2020,6151548,282754.1,118,55.8,5.6,24.5,15.632214315426802,12.552332894315324,1
563,Montana,2020,1080577,46750.4,26,43.3,10.4,34.6,13.893005715693995,10.752578090829962,1
564,Nebraska,2020,1937552,118141.5,72,50.6,5.0,34.8,14.476935878559164,11.679638337581029,1
565,Nevada,2020,3138259,146492.5,114,52.4,21.0,31.8,14.959178745516699,11.894729511589524,1
566,Ohio,2020,11693217,594143.6,542,53.0,4.8,30.6,16.274519488061948,13.294876319969507,1
567,Oklahoma,2020,3980783,192485.5,8,60.7,5.9,27.0,15.196989091579432,12.167776105197605,1
568,Oregon,2020,4241507,215743.6,286,48.8,5.2,36.3,15.260429188588107,12.28184594454277,1
569,Pennsylvania,2020,12783254,680957.4,82,51.2,4.6,34.0,16.36364659109278,13.43125502810892,1
570,Tennessee,2020,6886834,323454.0,80,59.3,7.3,30.7,15.745122030853159,12.686812188067485,1
571,Texas,2020,29360759,1747562.0,411,66.9,5.3,33.2,17.195169612875084,14.373732231716808,1
572,Utah,2020,3249879,174954.7,46,50.4,8.4,36.9,14.994128322843608,12.072282362253501,1
573,Vermont,2020,623347,29064.6,60,44.8,6.0,42.0,13.342858625055998,10.27727621778374,1
574,Virginia,2020,8590563,478909.3,170,57.4,5.3,42.1,15.966174833139824,13.079266505645172,1
575,Washington,2020,7693612,538856.1,462,48.1,4.8,38.4,15.855900932117157,13.197203838365468,1
576,Wisconsin,2020,5832655,293104.9,72,44.8,4.5,23.1,15.578982857749638,12.588285844402982,1
577,Wyoming,2020,582328,36268.6,18,42.8,6.8,28.2,13.274789141848617,10.498707632138535,1
